{"cameraMode":{"drawMode":0,"name":"Shaded","section":"Shading Mode"},"sceneLighting":false,"audioPlay":false,"sceneViewState":{"m_AlwaysRefresh":false,"showFog":true,"showSkybox":false,"showFlares":true,"showImageEffects":true,"showParticleSystems":true,"showVisualEffectGraphs":true,"m_FxEnabled":true},"in2DMode":false,"pivot":{"x":14.609999656677246,"y":1.9600000381469727,"z":1.6659183502197266},"rotation":{"x":-0.013326209038496018,"y":0.9709552526473999,"z":-0.05570713058114052,"w":-0.23234982788562776},"size":8.606486320495606,"orthographic":false}