{"cameraMode":{"drawMode":0,"name":"Shaded","section":"Shading Mode"},"sceneLighting":true,"audioPlay":false,"sceneViewState":{"m_AlwaysRefresh":false,"showFog":true,"showSkybox":true,"showFlares":true,"showImageEffects":true,"showParticleSystems":true,"showVisualEffectGraphs":true,"m_FxEnabled":true},"in2DMode":false,"pivot":{"x":0.15712642669677735,"y":-7.855947494506836,"z":10.25442886352539},"rotation":{"x":0.029952749609947206,"y":-0.9613494873046875,"z":0.24783988296985627,"w":0.1162039265036583},"size":21.269550323486329,"orthographic":false}